data;horario;tipo_de_ocorrencia;km;trecho;sentido;tipo_de_acidente;mortos
31/01/2021;16:01:00;3 - Acidente com Danos Materiais;1,1;BR-116/PR;Sul;Choque - Arvore;
30/01/2021;23:47:00;3 - Acidente com Danos Materiais;55,7;BR-116/PR;Sul;Atropelamento de Animal;
29/01/2021;15:49:00;3 - Acidente com Danos Materiais;44,4;BR-116/PR;Sul;Capotamento;
29/01/2021;15:52:00;3 - Acidente com Danos Materiais;45;BR-116/PR;Sul;Colisão Lateral;
29/01/2021;18:24:00;3 - Acidente com Danos Materiais;8,42;BR-116/PR;Norte;Colisão Traseira;
28/01/2021;06:20:00;3 - Acidente com Danos Materiais;17;BR-116/PR;Sul;Saida de Pista;
27/01/2021;16:42:00;3 - Acidente com Danos Materiais;51,94;BR-116/PR;Sul;Saida de Pista;
27/01/2021;17:23:00;1 - Acidente com Vitima Fatal;39,9;BR-116/PR;Sul;Atropelamento - Andarilho;1
27/01/2021;17:27:00;3 - Acidente com Danos Materiais;1;BR-116/PR;Sul;Saida de Pista;
27/01/2021;19:54:00;3 - Acidente com Danos Materiais;30,601;BR-116/PR;Sul;Saida de Pista;
26/01/2021;15:55:00;3 - Acidente com Danos Materiais;66,5;BR-116/PR;Norte;Colisão Traseira;
25/01/2021;03:03:00;3 - Acidente com Danos Materiais;43,6;BR-116/PR;Sul;Saida de Pista;
25/01/2021;10:07:00;3 - Acidente com Danos Materiais;1,05;BR-116/PR;Sul;Saida de Pista;
25/01/2021;11:01:00;3 - Acidente com Danos Materiais;9,9;BR-116/PR;Sul;Saida de Pista;
25/01/2021;13:09:00;3 - Acidente com Danos Materiais;5,5;BR-116/PR;Norte;Saida de Pista;
25/01/2021;13:58:00;3 - Acidente com Danos Materiais;44,4;BR-116/PR;Sul;Saida de Pista;
25/01/2021;18:05:00;3 - Acidente com Danos Materiais;16,9;BR-116/PR;Norte;Saida de Pista;
25/01/2021;18:51:00;3 - Acidente com Danos Materiais;38,3;BR-116/PR;Sul;Saida de Pista;
25/01/2021;19:01:00;3 - Acidente com Danos Materiais;46,8;BR-116/PR;Norte;Saida de Pista;
25/01/2021;19:39:00;3 - Acidente com Danos Materiais;44,6;BR-116/PR;Sul;Saida de Pista;
24/01/2021;09:10:00;3 - Acidente com Danos Materiais;50,4;BR-116/PR;Norte;Saida de Pista;
24/01/2021;11:51:00;3 - Acidente com Danos Materiais;43;BR-116/PR;Sul;Capotamento;
24/01/2021;13:14:00;3 - Acidente com Danos Materiais;51,3;BR-116/PR;Norte;Saida de Pista;
24/01/2021;13:46:00;3 - Acidente com Danos Materiais;46,7;BR-116/PR;Norte;Colisão Lateral;
24/01/2021;14:52:00;3 - Acidente com Danos Materiais;17,1;BR-116/PR;Norte;Saida de Pista;
24/01/2021;15:22:00;3 - Acidente com Danos Materiais;46,8;BR-116/PR;Norte;Colisão Lateral;
24/01/2021;15:34:00;2 - Acidente com VITIMA;0,5;BR-116/PR;Norte;Capotamento;
24/01/2021;16:58:00;3 - Acidente com Danos Materiais;38,1;BR-116/PR;Sul;Capotamento;
23/01/2021;15:04:00;3 - Acidente com Danos Materiais;59;BR-116/PR;Sul;Colisão Traseira;
23/01/2021;16:42:00;2 - Acidente com VITIMA;16,9;BR-116/PR;Norte;Colisão Transversal;
23/01/2021;21:58:00;3 - Acidente com Danos Materiais;42,1;BR-116/PR;Sul;Colisão Traseira;
22/01/2021;21:34:00;3 - Acidente com Danos Materiais;38,95;BR-116/PR;Sul;Choque - Elemento de Drenagem;
21/01/2021;23:22:00;3 - Acidente com Danos Materiais;46,8;BR-116/PR;Norte;Saida de Pista;
20/01/2021;08:28:00;3 - Acidente com Danos Materiais;16,9;BR-116/PR;Sul;Saida de Pista;
20/01/2021;12:36:00;3 - Acidente com Danos Materiais;34,6;BR-116/PR;Norte;Choque - Elemento de Drenagem;
20/01/2021;13:52:00;3 - Acidente com Danos Materiais;14;BR-116/PR;Norte;Capotamento;
20/01/2021;16:18:00;3 - Acidente com Danos Materiais;6,9;BR-116/PR;Sul;Saida de Pista;
20/01/2021;17:36:00;3 - Acidente com Danos Materiais;20,2;BR-116/PR;Sul;Saida de Pista;
20/01/2021;20:28:00;2 - Acidente com VITIMA;47,5;BR-116/PR;Sul;Colisão Transversal;
19/01/2021;01:14:00;3 - Acidente com Danos Materiais;46,9;BR-116/PR;Norte;Capotamento;
19/01/2021;03:45:00;3 - Acidente com Danos Materiais;0,2;BR-116/PR;Sul;Choque - Talude;
19/01/2021;08:53:00;3 - Acidente com Danos Materiais;46,9;BR-116/PR;Sul;Capotamento;
19/01/2021;09:48:00;3 - Acidente com Danos Materiais;29;BR-116/PR;Norte;Colisão Traseira;
19/01/2021;10:23:00;3 - Acidente com Danos Materiais;46,9;BR-116/PR;Norte;Saida de Pista;
19/01/2021;17:28:00;2 - Acidente com VITIMA;40;BR-116/PR;Sul;Tombamento;
19/01/2021;22:09:00;3 - Acidente com Danos Materiais;56,3;BR-116/PR;Norte;Choque - Outros;
18/01/2021;13:11:00;3 - Acidente com Danos Materiais;46,9;BR-116/PR;Norte;Saida de Pista;
18/01/2021;13:18:00;3 - Acidente com Danos Materiais;44,5;BR-116/PR;Sul;Choque - Elemento de Drenagem;
18/01/2021;14:45:00;3 - Acidente com Danos Materiais;45,6;BR-116/PR;Norte;Choque - Elemento de Drenagem;
18/01/2021;14:47:00;3 - Acidente com Danos Materiais;38,4;BR-116/PR;Norte;Capotamento;
18/01/2021;16:43:00;2 - Acidente com VITIMA;14,2;BR-116/PR;Norte;Capotamento;
18/01/2021;17:12:00;3 - Acidente com Danos Materiais;16,9;BR-116/PR;Norte;Saida de Pista;
18/01/2021;17:33:00;3 - Acidente com Danos Materiais;39,5;BR-116/PR;Sul;Choque - Talude;
18/01/2021;18:44:00;3 - Acidente com Danos Materiais;16,9;BR-116/PR;Norte;Saida de Pista;
17/01/2021;00:21:00;3 - Acidente com Danos Materiais;6,9;BR-116/PR;Sul;Tombamento;
17/01/2021;10:32:00;2 - Acidente com VITIMA;44;BR-116/PR;Sul;Choque - Arvore;
17/01/2021;20:53:00;3 - Acidente com Danos Materiais;43,1;BR-116/PR;Sul;Choque - Talude;
16/01/2021;02:17:00;3 - Acidente com Danos Materiais;50,95;BR-116/PR;Sul;Tombamento;
16/01/2021;16:36:00;3 - Acidente com Danos Materiais;39,5;BR-116/PR;Sul;Capotamento;
16/01/2021;16:52:00;3 - Acidente com Danos Materiais;38,8;BR-116/PR;Sul;Capotamento;
16/01/2021;21:35:00;3 - Acidente com Danos Materiais;61,9;BR-116/PR;Norte;Capotamento;
15/01/2021;08:02:00;3 - Acidente com Danos Materiais;46,9;BR-116/PR;Norte;Saida de Pista;
15/01/2021;08:02:00;3 - Acidente com Danos Materiais;46,8;BR-116/PR;Norte;Choque - Talude;
15/01/2021;14:12:00;3 - Acidente com Danos Materiais;58,3;BR-116/PR;Norte;Saida de Pista;
15/01/2021;18:34:00;3 - Acidente com Danos Materiais;16,9;BR-116/PR;Norte;Capotamento;
15/01/2021;18:41:00;3 - Acidente com Danos Materiais;46,8;BR-116/PR;Norte;Saida de Pista;
14/01/2021;05:17:00;3 - Acidente com Danos Materiais;46,8;BR-116/PR;Norte;Saida de Pista;
14/01/2021;07:02:00;3 - Acidente com Danos Materiais;46,5;BR-116/PR;Norte;Choque - Elemento de Drenagem;
14/01/2021;07:57:00;3 - Acidente com Danos Materiais;46,5;BR-116/PR;Norte;Choque - Elemento de Drenagem;
14/01/2021;08:57:00;3 - Acidente com Danos Materiais;25,95;BR-116/PR;Norte;Colisão Lateral;
14/01/2021;09:05:00;2 - Acidente com VITIMA;16,9;BR-116/PR;Norte;Saida de Pista;
14/01/2021;10:27:00;3 - Acidente com Danos Materiais;0,2;BR-116/PR;Sul;Saida de Pista;
14/01/2021;14:03:00;3 - Acidente com Danos Materiais;46,7;BR-116/PR;Norte;Choque - Talude;
14/01/2021;14:11:00;3 - Acidente com Danos Materiais;39;BR-116/PR;Sul;Capotamento;
14/01/2021;14:28:00;3 - Acidente com Danos Materiais;1,1;BR-116/PR;Sul;Saida de Pista;
14/01/2021;16:37:00;3 - Acidente com Danos Materiais;63,3;BR-116/PR;Norte;Colisão Lateral;
13/01/2021;03:45:00;3 - Acidente com Danos Materiais;26;BR-116/PR;Norte;Saida de Pista;
13/01/2021;10:24:00;2 - Acidente com VITIMA;16,9;BR-116/PR;Norte;Capotamento;
13/01/2021;10:43:00;2 - Acidente com VITIMA;0,1;BR-116/PR;Norte;Capotamento;
13/01/2021;12:25:00;3 - Acidente com Danos Materiais;26;BR-116/PR;Norte;Saida de Pista;
13/01/2021;14:21:00;3 - Acidente com Danos Materiais;7;BR-116/PR;Sul;Choque - Elemento de Drenagem;
13/01/2021;14:44:00;3 - Acidente com Danos Materiais;39,2;BR-116/PR;Sul;Capotamento;
13/01/2021;15:03:00;3 - Acidente com Danos Materiais;38,5;BR-116/PR;Sul;Capotamento;
13/01/2021;15:14:00;3 - Acidente com Danos Materiais;7;BR-116/PR;Sul;Colisão Traseira;
13/01/2021;15:21:00;3 - Acidente com Danos Materiais;26;BR-116/PR;Norte;Capotamento;
13/01/2021;15:57:00;3 - Acidente com Danos Materiais;1,2;BR-116/PR;Sul;Saida de Pista;
13/01/2021;16:45:00;3 - Acidente com Danos Materiais;55,4;BR-116/PR;Norte;Choque - Elemento de Drenagem;
13/01/2021;17:14:00;3 - Acidente com Danos Materiais;2;BR-116/PR;Norte;Tombamento;
13/01/2021;17:28:00;3 - Acidente com Danos Materiais;47;BR-116/PR;Norte;Saida de Pista;
13/01/2021;18:35:00;2 - Acidente com VITIMA;46,9;BR-116/PR;Norte;Colisão Traseira;
12/01/2021;00:28:00;3 - Acidente com Danos Materiais;39;BR-116/PR;Sul;Choque - Talude;
11/01/2021;00:27:00;2 - Acidente com VITIMA;38;BR-116/PR;Sul;Capotamento;
11/01/2021;02:52:00;3 - Acidente com Danos Materiais;46,3;BR-116/PR;Norte;Saida de Pista;
11/01/2021;03:20:00;3 - Acidente com Danos Materiais;33,5;BR-116/PR;Norte;Queda de Moto;
11/01/2021;06:25:00;3 - Acidente com Danos Materiais;16;BR-116/PR;Sul;Saida de Pista;
11/01/2021;07:22:00;2 - Acidente com VITIMA;46,9;BR-116/PR;Norte;Choque - Elemento de Drenagem;
11/01/2021;07:44:00;3 - Acidente com Danos Materiais;50,8;BR-116/PR;Sul;Capotamento;
10/01/2021;13:46:00;3 - Acidente com Danos Materiais;42,1;BR-116/PR;Sul;Choque - Poste;
10/01/2021;13:59:00;2 - Acidente com VITIMA;44,3;BR-116/PR;Sul;Capotamento;
10/01/2021;15:58:00;3 - Acidente com Danos Materiais;58,2;BR-116/PR;Norte;Colisão Lateral;
10/01/2021;20:35:00;3 - Acidente com Danos Materiais;57,2;BR-116/PR;Sul;Colisão Traseira;
09/01/2021;02:07:00;3 - Acidente com Danos Materiais;3;BR-116/PR;Norte;Saida de Pista;
09/01/2021;17:57:00;3 - Acidente com Danos Materiais;13,3;BR-116/PR;Norte;Tombamento;
08/01/2021;15:33:00;3 - Acidente com Danos Materiais;16,9;BR-116/PR;Norte;Capotamento;
08/01/2021;16:14:00;3 - Acidente com Danos Materiais;45,1;BR-116/PR;Sul;Choque - Suporte de Sinalização;
08/01/2021;17:28:00;3 - Acidente com Danos Materiais;67,1;BR-116/PR;Norte;Saida de Pista;
08/01/2021;18:37:00;3 - Acidente com Danos Materiais;7;BR-116/PR;Sul;Colisão Traseira;
08/01/2021;23:53:00;3 - Acidente com Danos Materiais;45,5;BR-116/PR;Sul;Capotamento;
07/01/2021;20:30:00;3 - Acidente com Danos Materiais;54,2;BR-116/PR;Norte;Colisão Traseira;
06/01/2021;03:31:00;2 - Acidente com VITIMA;16,9;BR-116/PR;Norte;Saida de Pista;
06/01/2021;05:43:00;3 - Acidente com Danos Materiais;61,3;BR-116/PR;Sul;Colisão Lateral;
06/01/2021;06:22:00;3 - Acidente com Danos Materiais;44,05;BR-116/PR;Sul;Saida de Pista;
05/01/2021;00:33:00;3 - Acidente com Danos Materiais;0,2;BR-116/PR;Sul;Tombamento;
05/01/2021;10:33:00;3 - Acidente com Danos Materiais;57;BR-116/PR;Sul;Colisão Traseira;
05/01/2021;16:59:00;3 - Acidente com Danos Materiais;65,7;BR-116/PR;Sul;Colisão Traseira;
05/01/2021;22:21:00;3 - Acidente com Danos Materiais;14,07;BR-116/PR;Norte;Saida de Pista;
03/01/2021;14:26:00;3 - Acidente com Danos Materiais;0,2;BR-116/PR;Sul;Capotamento;
03/01/2021;16:05:00;2 - Acidente com VITIMA;46,9;BR-116/PR;Norte;Capotamento;
03/01/2021;16:40:00;3 - Acidente com Danos Materiais;38,5;BR-116/PR;Sul;Saida de Pista;
03/01/2021;17:23:00;2 - Acidente com VITIMA;39,3;BR-116/PR;Sul;Colisão Lateral;
03/01/2021;17:49:00;3 - Acidente com Danos Materiais;26,15;BR-116/PR;Norte;Saida de Pista;
03/01/2021;18:34:00;3 - Acidente com Danos Materiais;39,2;BR-116/PR;Sul;Capotamento;
03/01/2021;18:37:00;3 - Acidente com Danos Materiais;42,2;BR-116/PR;Sul;Choque - Poste;
03/01/2021;19:17:00;2 - Acidente com VITIMA;38,4;BR-116/PR;Sul;Capotamento;
03/01/2021;21:40:00;2 - Acidente com VITIMA;19,9;BR-116/PR;Norte;Capotamento;
02/01/2021;07:16:00;2 - Acidente com VITIMA;38,065;BR-116/PR;Sul;Capotamento;
02/01/2021;07:37:00;3 - Acidente com Danos Materiais;40,2;BR-116/PR;Norte;Capotamento;
02/01/2021;07:46:00;2 - Acidente com VITIMA;38,065;BR-116/PR;Norte;Colisão Lateral;
02/01/2021;09:21:00;2 - Acidente com VITIMA;17;BR-116/PR;Norte;Saida de Pista;
02/01/2021;09:21:00;3 - Acidente com Danos Materiais;17;BR-116/PR;Norte;Saida de Pista;
02/01/2021;09:25:00;2 - Acidente com VITIMA;17;BR-116/PR;Sul;Saida de Pista;
02/01/2021;11:29:00;2 - Acidente com VITIMA;14,1;BR-116/PR;Norte;Saida de Pista;
02/01/2021;11:42:00;3 - Acidente com Danos Materiais;5,5;BR-116/PR;Norte;Capotamento;
02/01/2021;11:46:00;3 - Acidente com Danos Materiais;14,1;BR-116/PR;Norte;Choque - Talude;
02/01/2021;12:40:00;3 - Acidente com Danos Materiais;16,8;BR-116/PR;Sul;Saida de Pista;
02/01/2021;13:21:00;3 - Acidente com Danos Materiais;15,5;BR-116/PR;Sul;Choque - Talude;
02/01/2021;17:35:00;3 - Acidente com Danos Materiais;46,9;BR-116/PR;Norte;Saida de Pista;
02/01/2021;20:50:00;2 - Acidente com VITIMA;26,9;BR-116/PR;Sul;Saida de Pista;
02/01/2021;22:26:00;3 - Acidente com Danos Materiais;43,3;BR-116/PR;Sul;Capotamento;
02/01/2021;23:33:00;3 - Acidente com Danos Materiais;38,4;BR-116/PR;Sul;Tombamento;
01/01/2021;07:56:00;3 - Acidente com Danos Materiais;16,8;BR-116/PR;Norte;Saida de Pista;
01/01/2021;08:05:00;3 - Acidente com Danos Materiais;16,8;BR-116/PR;Norte;Capotamento;
01/01/2021;11:36:00;3 - Acidente com Danos Materiais;14,1;BR-116/PR;Norte;Saida de Pista;
01/01/2021;11:46:00;3 - Acidente com Danos Materiais;16,9;BR-116/PR;Norte;Saida de Pista;
01/01/2021;12:16:00;2 - Acidente com VITIMA;4,1;BR-116/PR;Sul;Capotamento;
01/01/2021;12:49:00;3 - Acidente com Danos Materiais;5,5;BR-116/PR;Norte;Choque - Poste;
01/01/2021;13:14:00;3 - Acidente com Danos Materiais;16,8;BR-116/PR;Sul;Capotamento;
01/01/2021;14:02:00;3 - Acidente com Danos Materiais;14,5;BR-116/PR;Norte;Choque - Poste;
01/01/2021;14:35:00;3 - Acidente com Danos Materiais;1,05;BR-116/PR;Sul;Saida de Pista;
01/01/2021;15:01:00;3 - Acidente com Danos Materiais;7,5;BR-116/PR;Norte;Colisão Lateral;
01/01/2021;15:36:00;3 - Acidente com Danos Materiais;9,1;BR-116/PR;Sul;Choque - Suporte de Sinalização;
01/01/2021;15:37:00;3 - Acidente com Danos Materiais;14,5;BR-116/PR;Norte;Capotamento;
01/01/2021;16:16:00;3 - Acidente com Danos Materiais;14,9;BR-116/PR;Sul;Capotamento;
01/01/2021;17:15:00;3 - Acidente com Danos Materiais;9,1;BR-116/PR;Norte;Capotamento;
01/01/2021;17:25:00;3 - Acidente com Danos Materiais;26;BR-116/PR;Norte;Choque - Outros;
01/01/2021;17:29:00;3 - Acidente com Danos Materiais;14,5;BR-116/PR;Sul;Capotamento;
01/01/2021;18:37:00;3 - Acidente com Danos Materiais;16,3;BR-116/PR;Norte;Choque - Talude;
01/01/2021;19:57:00;3 - Acidente com Danos Materiais;26;BR-116/PR;Sul;Saida de Pista;
01/01/2021;20:51:00;1 - Acidente com Vitima Fatal;58,7;BR-116/PR;Sul;Atropelamento - Andarilho;1
01/01/2021;04:31:00;2 - Acidente com VITIMA;453,9;BR-116/SP;Sul;Tombamento;
01/01/2021;09:13:00;2 - Acidente com VITIMA;542,6;BR-116/SP;Sul;"Choque - Defensa, barreira ou ""submarino""";
01/01/2021;09:53:00;2 - Acidente com VITIMA;560,5;BR-116/SP;Sul;"Choque - Defensa, barreira ou ""submarino""";
01/01/2021;09:53:00;3 - Acidente com Danos Materiais;552;BR-116/SP;Norte;"Choque - Defensa, barreira ou ""submarino""";
01/01/2021;10:29:00;3 - Acidente com Danos Materiais;317,8;BR-116/SP;Norte;Saida de Pista;
01/01/2021;11:34:00;3 - Acidente com Danos Materiais;6,98;BR-116/PR;Sul;"Choque - Defensa, barreira ou ""submarino""";
01/01/2021;12:06:00;2 - Acidente com VITIMA;541,6;BR-116/SP;Sul;"Choque - Defensa, barreira ou ""submarino""";
01/01/2021;13:40:00;3 - Acidente com Danos Materiais;364;BR-116/SP;Norte;Choque - Outros;
01/01/2021;14:24:00;3 - Acidente com Danos Materiais;348,8;BR-116/SP;Norte;"Choque - Defensa, barreira ou ""submarino""";
01/01/2021;14:29:00;2 - Acidente com VITIMA;16,9;BR-116/PR;Norte;"Choque - Defensa, barreira ou ""submarino""";
01/01/2021;15:18:00;3 - Acidente com Danos Materiais;368;BR-116/SP;Norte;"Choque - Defensa, barreira ou ""submarino""";
01/01/2021;16:10:00;2 - Acidente com VITIMA;458;BR-116/SP;Sul;Capotamento;
01/01/2021;17:39:00;2 - Acidente com VITIMA;303;BR-116/SP;Norte;"Choque - Defensa, barreira ou ""submarino""";
01/01/2021;18:32:00;3 - Acidente com Danos Materiais;451,6;BR-116/SP;Sul;Queda de Moto;
01/01/2021;18:48:00;3 - Acidente com Danos Materiais;339,6;BR-116/SP;Norte;Capotamento;
01/01/2021;18:59:00;3 - Acidente com Danos Materiais;561;BR-116/SP;Sul;"Choque - Defensa, barreira ou ""submarino""";
01/01/2021;19:01:00;3 - Acidente com Danos Materiais;562,4;BR-116/SP;Norte;Saida de Pista;
01/01/2021;19:14:00;2 - Acidente com VITIMA;272;BR-116/SP;Sul;Queda de Moto;
01/01/2021;19:37:00;3 - Acidente com Danos Materiais;567,1;BR-116/SP;Norte;Choque - Talude;
01/01/2021;20:07:00;3 - Acidente com Danos Materiais;287,5;BR-116/SP;Sul;Saida de Pista;
02/01/2021;02:02:00;3 - Acidente com Danos Materiais;545,5;BR-116/SP;Norte;"Choque - Defensa, barreira ou ""submarino""";
02/01/2021;02:06:00;2 - Acidente com VITIMA;537,5;BR-116/SP;Sul;"Choque - Defensa, barreira ou ""submarino""";
02/01/2021;06:01:00;3 - Acidente com Danos Materiais;567,7;BR-116/SP;Norte;Capotamento;
02/01/2021;06:26:00;3 - Acidente com Danos Materiais;339,9;BR-116/SP;Norte;Saida de Pista;
02/01/2021;06:43:00;3 - Acidente com Danos Materiais;16,9;BR-116/PR;Norte;"Choque - Defensa, barreira ou ""submarino""";
02/01/2021;06:55:00;3 - Acidente com Danos Materiais;567,6;BR-116/SP;Norte;Colisão Traseira;
02/01/2021;07:04:00;3 - Acidente com Danos Materiais;15,5;BR-116/PR;Norte;"Choque - Defensa, barreira ou ""submarino""";
02/01/2021;07:18:00;2 - Acidente com VITIMA;545,9;BR-116/SP;Sul;Capotamento;
02/01/2021;07:32:00;3 - Acidente com Danos Materiais;12,5;BR-116/PR;Sul;"Choque - Defensa, barreira ou ""submarino""";
02/01/2021;07:34:00;3 - Acidente com Danos Materiais;550,22;BR-116/SP;Norte;"Choque - Defensa, barreira ou ""submarino""";
02/01/2021;08:08:00;3 - Acidente com Danos Materiais;543;BR-116/SP;Norte;"Choque - Defensa, barreira ou ""submarino""";
02/01/2021;08:22:00;3 - Acidente com Danos Materiais;561,4;BR-116/SP;Norte;Saida de Pista;
02/01/2021;08:43:00;2 - Acidente com VITIMA;550,6;BR-116/SP;Norte;Colisão Lateral;
02/01/2021;08:45:00;3 - Acidente com Danos Materiais;562,6;BR-116/SP;Norte;"Choque - Defensa, barreira ou ""submarino""";
02/01/2021;08:47:00;3 - Acidente com Danos Materiais;504,9;BR-116/SP;Sul;"Choque - Defensa, barreira ou ""submarino""";
02/01/2021;09:01:00;3 - Acidente com Danos Materiais;562,5;BR-116/SP;Sul;Capotamento;
02/01/2021;09:08:00;3 - Acidente com Danos Materiais;560;BR-116/SP;Sul;"Choque - Defensa, barreira ou ""submarino""";
02/01/2021;09:21:00;3 - Acidente com Danos Materiais;17;BR-116/PR;Norte;"Choque - Defensa, barreira ou ""submarino""";
02/01/2021;09:26:00;3 - Acidente com Danos Materiais;513,9;BR-116/SP;Norte;"Choque - Defensa, barreira ou ""submarino""";
02/01/2021;09:28:00;3 - Acidente com Danos Materiais;567;BR-116/SP;Sul;"Choque - Defensa, barreira ou ""submarino""";
02/01/2021;09:34:00;3 - Acidente com Danos Materiais;560,5;BR-116/SP;Sul;"Choque - Defensa, barreira ou ""submarino""";
02/01/2021;09:50:00;3 - Acidente com Danos Materiais;541,6;BR-116/SP;Sul;Colisão Lateral;
02/01/2021;09:58:00;3 - Acidente com Danos Materiais;541,6;BR-116/SP;Sul;Colisão Lateral;
02/01/2021;10:02:00;3 - Acidente com Danos Materiais;550,22;BR-116/SP;Norte;Capotamento;
02/01/2021;10:14:00;3 - Acidente com Danos Materiais;513,1;BR-116/SP;Norte;Queda de Moto;
02/01/2021;10:29:00;2 - Acidente com VITIMA;362,6;BR-116/SP;Sul;Tombamento;
02/01/2021;10:35:00;3 - Acidente com Danos Materiais;512,8;BR-116/SP;Norte;"Choque - Defensa, barreira ou ""submarino""";
02/01/2021;11:01:00;2 - Acidente com VITIMA;520,6;BR-116/SP;Norte;Capotamento;
02/01/2021;11:06:00;3 - Acidente com Danos Materiais;548,6;BR-116/SP;Sul;"Choque - Defensa, barreira ou ""submarino""";
02/01/2021;11:15:00;3 - Acidente com Danos Materiais;546;BR-116/SP;Sul;Saida de Pista;
02/01/2021;11:59:00;3 - Acidente com Danos Materiais;565,1;BR-116/SP;Sul;"Choque - Defensa, barreira ou ""submarino""";
02/01/2021;12:03:00;3 - Acidente com Danos Materiais;522,5;BR-116/SP;Sul;Colisão Traseira;
02/01/2021;12:49:00;3 - Acidente com Danos Materiais;541,6;BR-116/SP;Sul;"Choque - Defensa, barreira ou ""submarino""";
02/01/2021;13:31:00;3 - Acidente com Danos Materiais;567,5;BR-116/SP;Norte;Choque - Poste;
02/01/2021;13:34:00;3 - Acidente com Danos Materiais;519,2;BR-116/SP;Norte;Saida de Pista;
02/01/2021;13:39:00;3 - Acidente com Danos Materiais;428,5;BR-116/SP;Norte;Tombamento;
02/01/2021;13:46:00;3 - Acidente com Danos Materiais;515,4;BR-116/SP;Norte;Capotamento;
02/01/2021;13:47:00;3 - Acidente com Danos Materiais;515,1;BR-116/SP;Norte;Saida de Pista;
02/01/2021;13:59:00;3 - Acidente com Danos Materiais;420,1;BR-116/SP;Sul;Capotamento;
02/01/2021;14:05:00;3 - Acidente com Danos Materiais;489,9;BR-116/SP;Sul;"Choque - Defensa, barreira ou ""submarino""";
02/01/2021;14:07:00;3 - Acidente com Danos Materiais;396;BR-116/SP;Norte;Saida de Pista;
02/01/2021;14:21:00;3 - Acidente com Danos Materiais;489,9;BR-116/SP;Sul;Capotamento;
02/01/2021;14:23:00;3 - Acidente com Danos Materiais;548,6;BR-116/SP;Sul;"Choque - Defensa, barreira ou ""submarino""";
02/01/2021;14:29:00;3 - Acidente com Danos Materiais;503,3;BR-116/SP;Sul;Capotamento;
02/01/2021;14:43:00;3 - Acidente com Danos Materiais;514,2;BR-116/SP;Norte;"Choque - Defensa, barreira ou ""submarino""";
02/01/2021;15:28:00;3 - Acidente com Danos Materiais;511;BR-116/SP;Norte;Saida de Pista;
02/01/2021;15:47:00;3 - Acidente com Danos Materiais;513,5;BR-116/SP;Norte;Saida de Pista;
02/01/2021;16:42:00;3 - Acidente com Danos Materiais;28;BR-116/PR;Norte;"Choque - Defensa, barreira ou ""submarino""";
02/01/2021;17:30:00;3 - Acidente com Danos Materiais;58,9;BR-116/PR;Sul;"Choque - Defensa, barreira ou ""submarino""";
02/01/2021;17:59:00;3 - Acidente com Danos Materiais;546;BR-116/SP;Sul;"Choque - Defensa, barreira ou ""submarino""";
02/01/2021;18:35:00;3 - Acidente com Danos Materiais;503,4;BR-116/SP;Sul;Capotamento;
02/01/2021;18:43:00;3 - Acidente com Danos Materiais;548,7;BR-116/SP;Sul;"Choque - Defensa, barreira ou ""submarino""";
02/01/2021;18:45:00;3 - Acidente com Danos Materiais;339,9;BR-116/SP;Norte;Choque - Talude;
02/01/2021;18:54:00;3 - Acidente com Danos Materiais;548,68;BR-116/SP;Sul;"Choque - Defensa, barreira ou ""submarino""";
02/01/2021;18:58:00;3 - Acidente com Danos Materiais;551,3;BR-116/SP;Sul;"Choque - Defensa, barreira ou ""submarino""";
02/01/2021;19:18:00;3 - Acidente com Danos Materiais;515;BR-116/SP;Norte;Capotamento;
02/01/2021;20:06:00;3 - Acidente com Danos Materiais;549,1;BR-116/SP;Norte;"Choque - Defensa, barreira ou ""submarino""";
02/01/2021;20:16:00;2 - Acidente com VITIMA;489;BR-116/SP;Sul;Capotamento;
02/01/2021;21:08:00;3 - Acidente com Danos Materiais;13,1;BR-116/CW;Sul;"Choque - Defensa, barreira ou ""submarino""";
02/01/2021;23:20:00;2 - Acidente com VITIMA;390,5;BR-116/SP;Norte;Saida de Pista;
02/01/2021;23:54:00;3 - Acidente com Danos Materiais;488,9;BR-116/SP;Sul;"Choque - Defensa, barreira ou ""submarino""";
03/01/2021;01:56:00;3 - Acidente com Danos Materiais;340;BR-116/SP;Norte;Capotamento;
03/01/2021;06:10:00;3 - Acidente com Danos Materiais;489,1;BR-116/SP;Sul;Capotamento;
03/01/2021;06:31:00;2 - Acidente com VITIMA;488,9;BR-116/SP;Sul;Capotamento;
03/01/2021;12:33:00;2 - Acidente com VITIMA;523,4;BR-116/SP;Sul;Queda de Moto;
03/01/2021;13:06:00;3 - Acidente com Danos Materiais;509;BR-116/SP;Sul;"Choque - Defensa, barreira ou ""submarino""";
03/01/2021;13:08:00;3 - Acidente com Danos Materiais;506;BR-116/SP;Norte;Capotamento;
03/01/2021;13:30:00;3 - Acidente com Danos Materiais;509;BR-116/SP;Sul;"Choque - Defensa, barreira ou ""submarino""";
03/01/2021;13:34:00;3 - Acidente com Danos Materiais;470;BR-116/SP;Sul;Saida de Pista;
03/01/2021;13:39:00;3 - Acidente com Danos Materiais;296;BR-116/SP;Norte;Engavetamento;
03/01/2021;15:06:00;3 - Acidente com Danos Materiais;481,9;BR-116/SP;Sul;Colisão Lateral;
03/01/2021;15:14:00;3 - Acidente com Danos Materiais;565,1;BR-116/SP;Sul;Saida de Pista;
03/01/2021;16:08:00;3 - Acidente com Danos Materiais;6,9;BR-116/PR;Sul;"Choque - Defensa, barreira ou ""submarino""";
03/01/2021;16:35:00;3 - Acidente com Danos Materiais;58,9;BR-116/PR;Sul;"Choque - Defensa, barreira ou ""submarino""";
03/01/2021;16:58:00;3 - Acidente com Danos Materiais;308;BR-116/SP;Norte;Engavetamento;
03/01/2021;17:21:00;3 - Acidente com Danos Materiais;39,3;BR-116/PR;Sul;"Choque - Defensa, barreira ou ""submarino""";
03/01/2021;18:22:00;3 - Acidente com Danos Materiais;336;BR-116/SP;Norte;Colisão Traseira;
03/01/2021;18:35:00;2 - Acidente com VITIMA;537,6;BR-116/SP;Sul;"Choque - Defensa, barreira ou ""submarino""";
03/01/2021;18:45:00;3 - Acidente com Danos Materiais;548,7;BR-116/SP;Sul;Saida de Pista;
03/01/2021;18:46:00;3 - Acidente com Danos Materiais;504,6;BR-116/SP;Norte;"Choque - Defensa, barreira ou ""submarino""";
03/01/2021;18:56:00;3 - Acidente com Danos Materiais;26,3;BR-116/PR;Norte;"Choque - Defensa, barreira ou ""submarino""";
03/01/2021;20:02:00;2 - Acidente com VITIMA;301,8;BR-116/SP;Norte;Queda de Moto;
03/01/2021;21:49:00;3 - Acidente com Danos Materiais;515,3;BR-116/SP;Norte;"Choque - Defensa, barreira ou ""submarino""";
04/01/2021;04:09:00;2 - Acidente com VITIMA;339,6;BR-116/SP;Sul;Capotamento;
04/01/2021;12:20:00;3 - Acidente com Danos Materiais;426,6;BR-116/SP;Norte;Colisão Lateral;
04/01/2021;12:52:00;3 - Acidente com Danos Materiais;518,05;BR-116/SP;Sul;Saida de Pista;
04/01/2021;15:13:00;2 - Acidente com VITIMA;550,4;BR-116/SP;Norte;Tombamento;
04/01/2021;19:31:00;2 - Acidente com VITIMA;7,9;BR-116/CW;Norte;Engavetamento;
05/01/2021;07:25:00;2 - Acidente com VITIMA;324;BR-116/SP;Norte;Queda de Moto;
05/01/2021;08:25:00;2 - Acidente com VITIMA;278,5;BR-116/SP;Sul;Queda de Moto;
05/01/2021;08:39:00;3 - Acidente com Danos Materiais;293,3;BR-116/SP;Norte;Colisão Lateral;
05/01/2021;13:52:00;3 - Acidente com Danos Materiais;521;BR-116/SP;Sul;Saida de Pista;
05/01/2021;14:59:00;3 - Acidente com Danos Materiais;274;BR-116/SP;Norte;Colisão Traseira;
05/01/2021;15:33:00;2 - Acidente com VITIMA;384;BR-116/SP;Norte;Capotamento;
05/01/2021;16:40:00;3 - Acidente com Danos Materiais;67,6;BR-116/PR;Sul;"Choque - Defensa, barreira ou ""submarino""";
05/01/2021;16:41:00;2 - Acidente com VITIMA;509,8;BR-116/SP;Norte;Capotamento;
05/01/2021;16:46:00;3 - Acidente com Danos Materiais;503,9;BR-116/SP;Norte;Saida de Pista;
05/01/2021;16:52:00;3 - Acidente com Danos Materiais;272;BR-116/SP;Norte;Colisão Traseira;
05/01/2021;18:37:00;3 - Acidente com Danos Materiais;566,8;BR-116/SP;Sul;Saida de Pista;
05/01/2021;18:48:00;3 - Acidente com Danos Materiais;6,9;BR-116/PR;Sul;"Choque - Defensa, barreira ou ""submarino""";
05/01/2021;20:34:00;3 - Acidente com Danos Materiais;555,3;BR-116/SP;Sul;Colisão Lateral;
05/01/2021;21:55:00;3 - Acidente com Danos Materiais;271;BR-116/SP;Sul;"Choque - Defensa, barreira ou ""submarino""";
05/01/2021;23:09:00;2 - Acidente com VITIMA;548,7;BR-116/SP;Sul;Saida de Pista;
06/01/2021;03:04:00;3 - Acidente com Danos Materiais;467;BR-116/SP;Norte;Saida de Pista;
06/01/2021;08:42:00;3 - Acidente com Danos Materiais;400;BR-116/SP;Norte;Colisão Traseira;
06/01/2021;13:24:00;2 - Acidente com VITIMA;356;BR-116/SP;Sul;"Choque - Defensa, barreira ou ""submarino""";
06/01/2021;16:00:00;3 - Acidente com Danos Materiais;331;BR-116/SP;Norte;Saida de Pista;
06/01/2021;16:32:00;2 - Acidente com VITIMA;297;BR-116/SP;Norte;Capotamento;
06/01/2021;19:38:00;3 - Acidente com Danos Materiais;272,8;BR-116/SP;Sul;"Choque - Defensa, barreira ou ""submarino""";
07/01/2021;00:02:00;3 - Acidente com Danos Materiais;329,9;BR-116/SP;Norte;Colisão Traseira;
07/01/2021;10:30:00;2 - Acidente com VITIMA;281;BR-116/SP;Sul;Engavetamento;
07/01/2021;12:07:00;3 - Acidente com Danos Materiais;280;BR-116/SP;Sul;Colisão Traseira;
07/01/2021;13:56:00;3 - Acidente com Danos Materiais;545,5;BR-116/SP;Sul;Tombamento;
07/01/2021;16:34:00;3 - Acidente com Danos Materiais;516;BR-116/SP;Norte;Colisão Traseira;
07/01/2021;19:45:00;3 - Acidente com Danos Materiais;539;BR-116/SP;Sul;Colisão Lateral;
07/01/2021;22:17:00;3 - Acidente com Danos Materiais;311,4;BR-116/SP;Norte;Colisão Lateral;
08/01/2021;09:42:00;3 - Acidente com Danos Materiais;434,2;BR-116/SP;Sul;Saida de Pista;
08/01/2021;09:53:00;3 - Acidente com Danos Materiais;283;BR-116/SP;Norte;Engavetamento;
08/01/2021;11:18:00;3 - Acidente com Danos Materiais;515;BR-116/SP;Norte;Colisão Lateral;
08/01/2021;11:35:00;3 - Acidente com Danos Materiais;541;BR-116/SP;Sul;"Choque - Defensa, barreira ou ""submarino""";
08/01/2021;11:57:00;1 - Acidente com Vitima Fatal;289,2;BR-116/SP;Sul;Colisão Traseira;1
08/01/2021;13:20:00;3 - Acidente com Danos Materiais;514;BR-116/SP;Norte;"Choque - Defensa, barreira ou ""submarino""";
08/01/2021;13:46:00;3 - Acidente com Danos Materiais;549;BR-116/SP;Norte;Saida de Pista;
08/01/2021;14:50:00;2 - Acidente com VITIMA;315,4;BR-116/SP;Sul;Capotamento;
08/01/2021;14:57:00;3 - Acidente com Danos Materiais;553;BR-116/SP;Sul;"Choque - Defensa, barreira ou ""submarino""";
08/01/2021;15:09:00;3 - Acidente com Danos Materiais;511;BR-116/SP;Norte;Choque - Talude;
08/01/2021;15:13:00;3 - Acidente com Danos Materiais;14;BR-116/PR;Norte;"Choque - Defensa, barreira ou ""submarino""";
08/01/2021;15:26:00;3 - Acidente com Danos Materiais;522,1;BR-116/SP;Sul;"Choque - Defensa, barreira ou ""submarino""";
08/01/2021;15:35:00;3 - Acidente com Danos Materiais;46,9;BR-116/PR;Norte;"Choque - Defensa, barreira ou ""submarino""";
08/01/2021;15:42:00;3 - Acidente com Danos Materiais;42,1;BR-116/PR;Sul;"Choque - Defensa, barreira ou ""submarino""";
08/01/2021;16:01:00;3 - Acidente com Danos Materiais;548,1;BR-116/SP;Norte;"Choque - Defensa, barreira ou ""submarino""";
08/01/2021;16:25:00;3 - Acidente com Danos Materiais;565,5;BR-116/SP;Sul;"Choque - Defensa, barreira ou ""submarino""";
08/01/2021;16:27:00;2 - Acidente com VITIMA;565,4;BR-116/SP;Sul;Colisão Traseira;
08/01/2021;16:44:00;3 - Acidente com Danos Materiais;504,8;BR-116/SP;Sul;Colisão Traseira;
08/01/2021;16:50:00;3 - Acidente com Danos Materiais;7,8;BR-116/PR;Sul;"Choque - Defensa, barreira ou ""submarino""";
08/01/2021;17:16:00;3 - Acidente com Danos Materiais;541,2;BR-116/SP;Sul;"Choque - Defensa, barreira ou ""submarino""";
08/01/2021;18:02:00;2 - Acidente com VITIMA;284,6;BR-116/SP;Sul;Atropelamento - Andarilho;
08/01/2021;18:00:00;2 - Acidente com VITIMA;489;BR-116/SP;Sul;Capotamento;
08/01/2021;18:28:00;3 - Acidente com Danos Materiais;564,1;BR-116/SP;Sul;"Choque - Defensa, barreira ou ""submarino""";
08/01/2021;18:43:00;3 - Acidente com Danos Materiais;481;BR-116/SP;Sul;Saida de Pista;
08/01/2021;20:08:00;3 - Acidente com Danos Materiais;44,2;BR-116/PR;Sul;"Choque - Defensa, barreira ou ""submarino""";
08/01/2021;20:45:00;3 - Acidente com Danos Materiais;505,1;BR-116/SP;Norte;"Choque - Defensa, barreira ou ""submarino""";
08/01/2021;20:54:00;2 - Acidente com VITIMA;567,5;BR-116/SP;Sul;Choque - Elemento de Drenagem;
08/01/2021;23:43:00;3 - Acidente com Danos Materiais;272,5;BR-116/SP;Sul;"Choque - Defensa, barreira ou ""submarino""";
08/01/2021;23:47:00;2 - Acidente com VITIMA;269,4;BR-116/SP;Norte;Atropelamento - Outros;
09/01/2021;05:33:00;3 - Acidente com Danos Materiais;395,5;BR-116/SP;Norte;Capotamento;
09/01/2021;13:01:00;2 - Acidente com VITIMA;284,1;BR-116/SP;Norte;Atropelamento - Ciclista;
09/01/2021;13:35:00;2 - Acidente com VITIMA;488,8;BR-116/SP;Sul;Capotamento;
09/01/2021;13:48:00;3 - Acidente com Danos Materiais;481,5;BR-116/SP;Norte;Saida de Pista;
09/01/2021;13:47:00;3 - Acidente com Danos Materiais;543;BR-116/SP;Sul;Colisão Traseira;
09/01/2021;16:17:00;1 - Acidente com Vitima Fatal;488,8;BR-116/SP;Sul;Capotamento;1
09/01/2021;16:45:00;3 - Acidente com Danos Materiais;499,9;BR-116/SP;Sul;Choque - Elemento de Drenagem;
09/01/2021;17:08:00;3 - Acidente com Danos Materiais;511,8;BR-116/SP;Norte;Capotamento;
09/01/2021;17:10:00;3 - Acidente com Danos Materiais;499,9;BR-116/SP;Sul;Capotamento;
09/01/2021;19:43:00;3 - Acidente com Danos Materiais;359;BR-116/SP;Sul;Colisão Lateral;
10/01/2021;06:33:00;3 - Acidente com Danos Materiais;488,6;BR-116/SP;Sul;"Choque - Defensa, barreira ou ""submarino""";
10/01/2021;08:47:00;3 - Acidente com Danos Materiais;541,5;BR-116/SP;Sul;Tombamento;
10/01/2021;11:08:00;3 - Acidente com Danos Materiais;407,2;BR-116/SP;Norte;Saida de Pista;
10/01/2021;11:33:00;3 - Acidente com Danos Materiais;432,8;BR-116/SP;Norte;Saida de Pista;
10/01/2021;13:59:00;3 - Acidente com Danos Materiais;42,1;BR-116/PR;Sul;"Choque - Defensa, barreira ou ""submarino""";
10/01/2021;14:48:00;3 - Acidente com Danos Materiais;339,3;BR-116/SP;Sul;Saida de Pista;
10/01/2021;15:43:00;3 - Acidente com Danos Materiais;7,3;BR-116/CW;Sul;"Choque - Defensa, barreira ou ""submarino""";
10/01/2021;16:27:00;3 - Acidente com Danos Materiais;7,3;BR-116/CW;Sul;Colisão Traseira;
10/01/2021;16:40:00;3 - Acidente com Danos Materiais;350,3;BR-116/SP;Sul;"Choque - Defensa, barreira ou ""submarino""";
10/01/2021;16:41:00;3 - Acidente com Danos Materiais;336,3;BR-116/SP;Sul;"Choque - Defensa, barreira ou ""submarino""";
10/01/2021;17:26:00;3 - Acidente com Danos Materiais;312,5;BR-116/SP;Norte;"Choque - Defensa, barreira ou ""submarino""";
10/01/2021;18:57:00;3 - Acidente com Danos Materiais;12,7;BR-116/PR;Sul;"Choque - Defensa, barreira ou ""submarino""";
10/01/2021;19:29:00;3 - Acidente com Danos Materiais;271,5;BR-116/SP;Norte;"Choque - Defensa, barreira ou ""submarino""";
10/01/2021;20:21:00;2 - Acidente com VITIMA;384,7;BR-116/SP;Norte;Colisão Transversal;
10/01/2021;22:26:00;2 - Acidente com VITIMA;288,1;BR-116/SP;Sul;"Choque - Defensa, barreira ou ""submarino""";
11/01/2021;00:25:00;2 - Acidente com VITIMA;275,5;BR-116/SP;Norte;"Choque - Defensa, barreira ou ""submarino""";
11/01/2021;06:13:00;3 - Acidente com Danos Materiais;541;BR-116/SP;Sul;"Choque - Defensa, barreira ou ""submarino""";
11/01/2021;06:45:00;3 - Acidente com Danos Materiais;561,5;BR-116/SP;Sul;"Choque - Defensa, barreira ou ""submarino""";
11/01/2021;06:49:00;3 - Acidente com Danos Materiais;6;BR-116/CW;Norte;Colisão Traseira;
11/01/2021;07:06:00;2 - Acidente com VITIMA;270;BR-116/SP;Norte;Queda de Moto;
11/01/2021;07:27:00;3 - Acidente com Danos Materiais;14;BR-116/CW;Norte;Saida de Pista;
11/01/2021;07:59:00;3 - Acidente com Danos Materiais;42;BR-116/PR;Sul;"Choque - Defensa, barreira ou ""submarino""";
11/01/2021;08:01:00;3 - Acidente com Danos Materiais;67;BR-116/PR;Norte;"Choque - Defensa, barreira ou ""submarino""";
11/01/2021;08:07:00;3 - Acidente com Danos Materiais;300;BR-116/SP;Norte;Colisão Traseira;
11/01/2021;08:13:00;2 - Acidente com VITIMA;12;BR-116/PR;Sul;"Choque - Defensa, barreira ou ""submarino""";
11/01/2021;08:31:00;3 - Acidente com Danos Materiais;42;BR-116/PR;Sul;"Choque - Defensa, barreira ou ""submarino""";
11/01/2021;09:05:00;3 - Acidente com Danos Materiais;65;BR-116/PR;Sul;"Choque - Defensa, barreira ou ""submarino""";
11/01/2021;11:32:00;3 - Acidente com Danos Materiais;514,4;BR-116/SP;Norte;Capotamento;
11/01/2021;13:13:00;3 - Acidente com Danos Materiais;278,9;BR-116/SP;Sul;Capotamento;
11/01/2021;13:42:00;3 - Acidente com Danos Materiais;515,5;BR-116/SP;Norte;"Choque - Defensa, barreira ou ""submarino""";
11/01/2021;14:06:00;3 - Acidente com Danos Materiais;504,5;BR-116/SP;Sul;"Choque - Defensa, barreira ou ""submarino""";
11/01/2021;14:19:00;2 - Acidente com VITIMA;505,5;BR-116/SP;Sul;Saida de Pista;
11/01/2021;14:48:00;3 - Acidente com Danos Materiais;567,8;BR-116/SP;Norte;Saida de Pista;
11/01/2021;16:35:00;3 - Acidente com Danos Materiais;387,3;BR-116/SP;Norte;Colisão Traseira;
11/01/2021;17:15:00;3 - Acidente com Danos Materiais;542,9;BR-116/SP;Sul;"Choque - Defensa, barreira ou ""submarino""";
11/01/2021;17:21:00;3 - Acidente com Danos Materiais;541,6;BR-116/SP;Sul;"Choque - Defensa, barreira ou ""submarino""";
11/01/2021;17:27:00;3 - Acidente com Danos Materiais;332,5;BR-116/SP;Sul;"Choque - Defensa, barreira ou ""submarino""";
11/01/2021;18:44:00;2 - Acidente com VITIMA;561,6;BR-116/SP;Sul;"Choque - Defensa, barreira ou ""submarino""";
11/01/2021;21:13:00;2 - Acidente com VITIMA;477,1;BR-116/SP;Norte;Colisão Frontal;
12/01/2021;00:14:00;3 - Acidente com Danos Materiais;42;BR-116/PR;Sul;"Choque - Defensa, barreira ou ""submarino""";
12/01/2021;03:49:00;2 - Acidente com VITIMA;547;BR-116/SP;Sul;Tombamento;
12/01/2021;05:36:00;3 - Acidente com Danos Materiais;415;BR-116/SP;Norte;Saida de Pista;
12/01/2021;05:42:00;2 - Acidente com VITIMA;33,6;BR-116/PR;Norte;"Choque - Defensa, barreira ou ""submarino""";
12/01/2021;10:07:00;3 - Acidente com Danos Materiais;361,4;BR-116/SP;Norte;Colisão Lateral;
12/01/2021;10:15:00;3 - Acidente com Danos Materiais;278,8;BR-116/SP;Sul;Colisão Traseira;
12/01/2021;11:24:00;3 - Acidente com Danos Materiais;444;BR-116/SP;Sul;Colisão Lateral;
12/01/2021;11:58:00;2 - Acidente com VITIMA;477;BR-116/SP;Norte;Atropelamento - Ciclista;
12/01/2021;15:23:00;3 - Acidente com Danos Materiais;301;BR-116/SP;Sul;Colisão Lateral;
12/01/2021;16:57:00;2 - Acidente com VITIMA;412,1;BR-116/SP;Norte;Queda de Moto;
12/01/2021;17:19:00;2 - Acidente com VITIMA;412,15;BR-116/SP;Norte;"Choque - Defensa, barreira ou ""submarino""";
12/01/2021;19:47:00;3 - Acidente com Danos Materiais;412;BR-116/SP;Sul;Saida de Pista;
12/01/2021;20:14:00;2 - Acidente com VITIMA;343,9;BR-116/SP;Norte;Colisão Lateral;
12/01/2021;23:37:00;2 - Acidente com VITIMA;278,8;BR-116/SP;Sul;Colisão Traseira;
13/01/2021;01:35:00;3 - Acidente com Danos Materiais;501,4;BR-116/SP;Sul;Colisão Traseira;
13/01/2021;06:43:00;3 - Acidente com Danos Materiais;349,5;BR-116/SP;Sul;Colisão Traseira;
13/01/2021;07:10:00;3 - Acidente com Danos Materiais;353;BR-116/SP;Sul;Saida de Pista;
13/01/2021;07:31:00;2 - Acidente com VITIMA;495;BR-116/SP;Norte;"Choque - Defensa, barreira ou ""submarino""";
13/01/2021;09:12:00;3 - Acidente com Danos Materiais;550,2;BR-116/SP;Norte;"Choque - Defensa, barreira ou ""submarino""";
13/01/2021;09:58:00;3 - Acidente com Danos Materiais;551,5;BR-116/SP;Norte;"Choque - Defensa, barreira ou ""submarino""";
13/01/2021;10:00:00;3 - Acidente com Danos Materiais;561;BR-116/SP;Sul;"Choque - Defensa, barreira ou ""submarino""";
13/01/2021;10:02:00;3 - Acidente com Danos Materiais;28;BR-116/PR;Norte;"Choque - Defensa, barreira ou ""submarino""";
13/01/2021;11:07:00;3 - Acidente com Danos Materiais;541,6;BR-116/SP;Sul;"Choque - Defensa, barreira ou ""submarino""";
13/01/2021;11:08:00;3 - Acidente com Danos Materiais;564;BR-116/SP;Sul;"Choque - Defensa, barreira ou ""submarino""";
13/01/2021;12:04:00;3 - Acidente com Danos Materiais;6;BR-116/PR;Sul;"Choque - Defensa, barreira ou ""submarino""";
13/01/2021;12:12:00;3 - Acidente com Danos Materiais;549;BR-116/SP;Norte;"Choque - Defensa, barreira ou ""submarino""";
13/01/2021;12:42:00;3 - Acidente com Danos Materiais;276,3;BR-116/SP;Norte;Capotamento;
13/01/2021;13:04:00;3 - Acidente com Danos Materiais;565,05;BR-116/SP;Sul;Saida de Pista;
13/01/2021;13:10:00;3 - Acidente com Danos Materiais;300;BR-116/SP;Norte;Colisão Traseira;
13/01/2021;13:17:00;3 - Acidente com Danos Materiais;66,2;BR-116/PR;Sul;"Choque - Defensa, barreira ou ""submarino""";
13/01/2021;13:24:00;3 - Acidente com Danos Materiais;42,5;BR-116/PR;Sul;"Choque - Defensa, barreira ou ""submarino""";
13/01/2021;13:32:00;3 - Acidente com Danos Materiais;566;BR-116/SP;Norte;"Choque - Defensa, barreira ou ""submarino""";
13/01/2021;14:16:00;3 - Acidente com Danos Materiais;566,7;BR-116/SP;Sul;Tombamento;
13/01/2021;14:39:00;3 - Acidente com Danos Materiais;28;BR-116/PR;Norte;"Choque - Defensa, barreira ou ""submarino""";
13/01/2021;15:23:00;3 - Acidente com Danos Materiais;566,6;BR-116/SP;Norte;Tombamento;
13/01/2021;15:54:00;3 - Acidente com Danos Materiais;548,6;BR-116/SP;Sul;"Choque - Defensa, barreira ou ""submarino""";
13/01/2021;16:21:00;3 - Acidente com Danos Materiais;29,4;BR-116/PR;Norte;"Choque - Defensa, barreira ou ""submarino""";
13/01/2021;16:35:00;3 - Acidente com Danos Materiais;40;BR-116/PR;Norte;"Choque - Defensa, barreira ou ""submarino""";
13/01/2021;16:52:00;3 - Acidente com Danos Materiais;395,1;BR-116/SP;Sul;Tombamento;
13/01/2021;17:26:00;3 - Acidente com Danos Materiais;515,3;BR-116/SP;Norte;Tombamento;
13/01/2021;17:55:00;3 - Acidente com Danos Materiais;511,7;BR-116/SP;Sul;"Choque - Defensa, barreira ou ""submarino""";
13/01/2021;18:09:00;3 - Acidente com Danos Materiais;279,7;BR-116/SP;Sul;Colisão Traseira;
14/01/2021;00:03:00;3 - Acidente com Danos Materiais;398,9;BR-116/SP;Sul;Colisão Traseira;
14/01/2021;01:13:00;3 - Acidente com Danos Materiais;337,76;BR-116/SP;Norte;Colisão Traseira;
14/01/2021;01:33:00;3 - Acidente com Danos Materiais;16,1;BR-116/CW;Norte;"Choque - Defensa, barreira ou ""submarino""";
14/01/2021;03:33:00;3 - Acidente com Danos Materiais;541,6;BR-116/SP;Sul;"Choque - Defensa, barreira ou ""submarino""";
14/01/2021;06:19:00;3 - Acidente com Danos Materiais;347,8;BR-116/SP;Norte;"Choque - Defensa, barreira ou ""submarino""";
14/01/2021;06:56:00;3 - Acidente com Danos Materiais;370;BR-116/SP;Sul;Colisão Traseira;
14/01/2021;07:33:00;3 - Acidente com Danos Materiais;541,5;BR-116/SP;Sul;"Choque - Defensa, barreira ou ""submarino""";
14/01/2021;08:13:00;3 - Acidente com Danos Materiais;567;BR-116/SP;Norte;Capotamento;
14/01/2021;08:24:00;3 - Acidente com Danos Materiais;564;BR-116/SP;Sul;"Choque - Defensa, barreira ou ""submarino""";
14/01/2021;11:45:00;2 - Acidente com VITIMA;435,5;BR-116/SP;Norte;Queda de Moto;
14/01/2021;13:41:00;3 - Acidente com Danos Materiais;562,2;BR-116/SP;Sul;Saida de Pista;
14/01/2021;13:43:00;3 - Acidente com Danos Materiais;278,5;BR-116/SP;Norte;Colisão Lateral;
14/01/2021;15:28:00;2 - Acidente com VITIMA;313,2;BR-116/SP;Norte;Tombamento;
14/01/2021;15:37:00;3 - Acidente com Danos Materiais;567,1;BR-116/SP;Norte;"Choque - Defensa, barreira ou ""submarino""";
14/01/2021;15:40:00;3 - Acidente com Danos Materiais;0,5;BR-116/PR;Sul;"Choque - Defensa, barreira ou ""submarino""";
14/01/2021;17:04:00;3 - Acidente com Danos Materiais;548,7;BR-116/SP;Sul;"Choque - Defensa, barreira ou ""submarino""";
14/01/2021;18:18:00;3 - Acidente com Danos Materiais;18,7;BR-116/PR;Sul;"Choque - Defensa, barreira ou ""submarino""";
14/01/2021;18:21:00;3 - Acidente com Danos Materiais;567,8;BR-116/SP;Norte;Tombamento;
14/01/2021;18:48:00;3 - Acidente com Danos Materiais;541,9;BR-116/SP;Sul;"Choque - Defensa, barreira ou ""submarino""";
14/01/2021;20:53:00;3 - Acidente com Danos Materiais;513,9;BR-116/SP;Norte;"Choque - Defensa, barreira ou ""submarino""";
15/01/2021;01:42:00;3 - Acidente com Danos Materiais;344,7;BR-116/SP;Sul;Colisão Traseira;
15/01/2021;03:58:00;2 - Acidente com VITIMA;315,5;BR-116/SP;Norte;Colisão Traseira;
15/01/2021;07:33:00;3 - Acidente com Danos Materiais;387,8;BR-116/SP;Norte;Colisão Traseira;
15/01/2021;08:37:00;3 - Acidente com Danos Materiais;389,5;BR-116/SP;Sul;Colisão Traseira;
15/01/2021;09:24:00;2 - Acidente com VITIMA;272,5;BR-116/SP;Norte;Queda de Moto;
15/01/2021;12:20:00;2 - Acidente com VITIMA;509,5;BR-116/SP;Norte;Capotamento;
15/01/2021;13:28:00;2 - Acidente com VITIMA;347;BR-116/SP;Norte;"Choque - Defensa, barreira ou ""submarino""";
15/01/2021;13:47:00;3 - Acidente com Danos Materiais;325,8;BR-116/SP;Norte;"Choque - Defensa, barreira ou ""submarino""";
15/01/2021;13:50:00;3 - Acidente com Danos Materiais;300,3;BR-116/SP;Sul;"Choque - Defensa, barreira ou ""submarino""";
15/01/2021;15:57:00;3 - Acidente com Danos Materiais;541,3;BR-116/SP;Norte;Saida de Pista;
15/01/2021;16:02:00;3 - Acidente com Danos Materiais;360,1;BR-116/SP;Norte;Saida de Pista;
15/01/2021;16:19:00;3 - Acidente com Danos Materiais;288,1;BR-116/SP;Norte;Capotamento;
15/01/2021;17:09:00;2 - Acidente com VITIMA;548,75;BR-116/SP;Sul;Capotamento;
15/01/2021;17:10:00;3 - Acidente com Danos Materiais;548,7;BR-116/SP;Sul;Colisão Traseira;
15/01/2021;17:09:00;3 - Acidente com Danos Materiais;548,75;BR-116/SP;Sul;"Choque - Defensa, barreira ou ""submarino""";
15/01/2021;18:21:00;3 - Acidente com Danos Materiais;499,6;BR-116/SP;Sul;Choque - Elemento de Drenagem;
15/01/2021;18:53:00;2 - Acidente com VITIMA;269;BR-116/SP;Norte;Engavetamento;
15/01/2021;23:35:00;2 - Acidente com VITIMA;462,9;BR-116/SP;Sul;Colisão Traseira;
16/01/2021;04:01:00;3 - Acidente com Danos Materiais;420;BR-116/SP;Norte;Capotamento;
16/01/2021;04:15:00;2 - Acidente com VITIMA;270;BR-116/SP;Sul;Capotamento;
16/01/2021;10:25:00;3 - Acidente com Danos Materiais;504,6;BR-116/SP;Norte;Tombamento;
16/01/2021;12:50:00;3 - Acidente com Danos Materiais;505,2;BR-116/SP;Norte;Colisão Traseira;
16/01/2021;16:45:00;3 - Acidente com Danos Materiais;560;BR-116/SP;Sul;"Choque - Defensa, barreira ou ""submarino""";
16/01/2021;20:16:00;3 - Acidente com Danos Materiais;541,3;BR-116/SP;Sul;"Choque - Defensa, barreira ou ""submarino""";
17/01/2021;06:13:00;3 - Acidente com Danos Materiais;541,5;BR-116/SP;Sul;"Choque - Defensa, barreira ou ""submarino""";
17/01/2021;06:41:00;3 - Acidente com Danos Materiais;565;BR-116/SP;Sul;"Choque - Defensa, barreira ou ""submarino""";
17/01/2021;07:11:00;3 - Acidente com Danos Materiais;511,5;BR-116/SP;Norte;Tombamento;
17/01/2021;08:47:00;3 - Acidente com Danos Materiais;567;BR-116/SP;Sul;"Choque - Defensa, barreira ou ""submarino""";
17/01/2021;10:07:00;3 - Acidente com Danos Materiais;562;BR-116/SP;Norte;Objeto lançado contra veículo;
17/01/2021;11:10:00;3 - Acidente com Danos Materiais;485,901;BR-116/SP;Norte;Colisão Traseira;
17/01/2021;14:44:00;3 - Acidente com Danos Materiais;289;BR-116/SP;Norte;Queda de Moto;
17/01/2021;18:45:00;3 - Acidente com Danos Materiais;339,3;BR-116/SP;Norte;Choque - Elemento de Drenagem;
17/01/2021;19:16:00;3 - Acidente com Danos Materiais;44,1;BR-116/PR;Sul;"Choque - Defensa, barreira ou ""submarino""";
17/01/2021;19:34:00;3 - Acidente com Danos Materiais;545,1;BR-116/SP;Norte;"Choque - Defensa, barreira ou ""submarino""";
17/01/2021;20:30:00;3 - Acidente com Danos Materiais;413,3;BR-116/SP;Norte;Saida de Pista;
17/01/2021;21:14:00;3 - Acidente com Danos Materiais;329,5;BR-116/SP;Norte;Choque - Elemento de Drenagem;
17/01/2021;21:35:00;3 - Acidente com Danos Materiais;414,3;BR-116/SP;Sul;Saida de Pista;
18/01/2021;01:32:00;3 - Acidente com Danos Materiais;565;BR-116/SP;Sul;"Choque - Defensa, barreira ou ""submarino""";
18/01/2021;03:13:00;3 - Acidente com Danos Materiais;394,8;BR-116/SP;Sul;Saida de Pista;
18/01/2021;06:21:00;3 - Acidente com Danos Materiais;281,8;BR-116/SP;Norte;Colisão Lateral;
18/01/2021;10:06:00;3 - Acidente com Danos Materiais;509,7;BR-116/SP;Norte;Choque - Elemento de Drenagem;
18/01/2021;11:09:00;2 - Acidente com VITIMA;404,05;BR-116/SP;Sul;Tombamento;
18/01/2021;11:21:00;2 - Acidente com VITIMA;548,6;BR-116/SP;Sul;Colisão Transversal;
18/01/2021;12:12:00;3 - Acidente com Danos Materiais;38,3;BR-116/PR;Sul;"Choque - Defensa, barreira ou ""submarino""";
18/01/2021;13:00:00;3 - Acidente com Danos Materiais;44,3;BR-116/PR;Sul;"Choque - Defensa, barreira ou ""submarino""";
18/01/2021;13:00:00;3 - Acidente com Danos Materiais;364;BR-116/SP;Sul;Tombamento;
18/01/2021;13:06:00;3 - Acidente com Danos Materiais;46,9;BR-116/PR;Sul;"Choque - Defensa, barreira ou ""submarino""";
18/01/2021;13:15:00;3 - Acidente com Danos Materiais;541,5;BR-116/SP;Sul;"Choque - Defensa, barreira ou ""submarino""";
18/01/2021;13:49:00;3 - Acidente com Danos Materiais;546,1;BR-116/SP;Sul;"Choque - Defensa, barreira ou ""submarino""";
18/01/2021;14:20:00;3 - Acidente com Danos Materiais;348;BR-116/SP;Sul;Tombamento;
18/01/2021;14:50:00;3 - Acidente com Danos Materiais;565,2;BR-116/SP;Sul;Tombamento;
18/01/2021;15:00:00;3 - Acidente com Danos Materiais;42,1;BR-116/PR;Sul;"Choque - Defensa, barreira ou ""submarino""";
18/01/2021;15:37:00;3 - Acidente com Danos Materiais;547,1;BR-116/SP;Sul;"Choque - Defensa, barreira ou ""submarino""";
18/01/2021;16:31:00;3 - Acidente com Danos Materiais;390,4;BR-116/SP;Norte;Saida de Pista;
18/01/2021;16:58:00;3 - Acidente com Danos Materiais;340;BR-116/SP;Sul;Capotamento;
18/01/2021;17:29:00;3 - Acidente com Danos Materiais;46,9;BR-116/PR;Norte;"Choque - Defensa, barreira ou ""submarino""";
18/01/2021;17:29:00;3 - Acidente com Danos Materiais;336,8;BR-116/SP;Norte;Choque - Elemento de Drenagem;
18/01/2021;17:42:00;3 - Acidente com Danos Materiais;509,7;BR-116/SP;Norte;Capotamento;
18/01/2021;17:45:00;3 - Acidente com Danos Materiais;550,25;BR-116/SP;Norte;Capotamento;
18/01/2021;17:49:00;3 - Acidente com Danos Materiais;377;BR-116/SP;Norte;Saida de Pista;
18/01/2021;18:04:00;3 - Acidente com Danos Materiais;567,1;BR-116/SP;Sul;"Choque - Defensa, barreira ou ""submarino""";
18/01/2021;18:51:00;3 - Acidente com Danos Materiais;485,7;BR-116/SP;Sul;Colisão Traseira;
18/01/2021;19:50:00;3 - Acidente com Danos Materiais;416,3;BR-116/SP;Sul;Saida de Pista;
18/01/2021;22:00:00;3 - Acidente com Danos Materiais;523,4;BR-116/SP;Norte;Saida de Pista;
18/01/2021;22:21:00;2 - Acidente com VITIMA;43,2;BR-116/PR;Sul;"Choque - Defensa, barreira ou ""submarino""";
18/01/2021;22:30:00;3 - Acidente com Danos Materiais;541,1;BR-116/SP;Sul;"Choque - Defensa, barreira ou ""submarino""";
19/01/2021;00:25:00;3 - Acidente com Danos Materiais;450,5;BR-116/SP;Norte;Saida de Pista;
19/01/2021;01:36:00;3 - Acidente com Danos Materiais;411;BR-116/SP;Norte;Saida de Pista;
19/01/2021;01:52:00;3 - Acidente com Danos Materiais;475;BR-116/SP;Sul;Saida de Pista;
19/01/2021;05:59:00;3 - Acidente com Danos Materiais;386;BR-116/SP;Norte;Tombamento;
19/01/2021;06:13:00;3 - Acidente com Danos Materiais;38,36;BR-116/PR;Sul;"Choque - Defensa, barreira ou ""submarino""";
19/01/2021;07:05:00;2 - Acidente com VITIMA;507;BR-116/SP;Sul;Capotamento;
19/01/2021;08:32:00;3 - Acidente com Danos Materiais;38;BR-116/PR;Sul;"Choque - Defensa, barreira ou ""submarino""";
19/01/2021;08:36:00;3 - Acidente com Danos Materiais;42;BR-116/PR;Sul;"Choque - Defensa, barreira ou ""submarino""";
19/01/2021;10:28:00;3 - Acidente com Danos Materiais;16,7;BR-116/PR;Norte;"Choque - Defensa, barreira ou ""submarino""";
19/01/2021;10:30:00;3 - Acidente com Danos Materiais;348,8;BR-116/SP;Sul;Colisão Traseira;
19/01/2021;11:23:00;3 - Acidente com Danos Materiais;322;BR-116/SP;Norte;Colisão Lateral;
19/01/2021;12:22:00;3 - Acidente com Danos Materiais;15;BR-116/PR;Sul;"Choque - Defensa, barreira ou ""submarino""";
19/01/2021;13:34:00;2 - Acidente com VITIMA;5;BR-116/PR;Norte;"Choque - Defensa, barreira ou ""submarino""";
19/01/2021;13:42:00;3 - Acidente com Danos Materiais;422,1;BR-116/SP;Sul;Colisão Traseira;
19/01/2021;15:58:00;3 - Acidente com Danos Materiais;14,1;BR-116/PR;Norte;"Choque - Defensa, barreira ou ""submarino""";
19/01/2021;16:03:00;3 - Acidente com Danos Materiais;507;BR-116/SP;Norte;"Choque - Defensa, barreira ou ""submarino""";
19/01/2021;16:20:00;3 - Acidente com Danos Materiais;509,7;BR-116/SP;Norte;"Choque - Defensa, barreira ou ""submarino""";
19/01/2021;16:39:00;3 - Acidente com Danos Materiais;16,9;BR-116/PR;Norte;"Choque - Defensa, barreira ou ""submarino""";
19/01/2021;19:31:00;3 - Acidente com Danos Materiais;507,35;BR-116/SP;Norte;Capotamento;
19/01/2021;20:08:00;3 - Acidente com Danos Materiais;332;BR-116/SP;Norte;Saida de Pista;
19/01/2021;20:25:00;3 - Acidente com Danos Materiais;423,8;BR-116/SP;Sul;Saida de Pista;
19/01/2021;21:10:00;3 - Acidente com Danos Materiais;529;BR-116/SP;Norte;Choque - Outros;
20/01/2021;02:11:00;3 - Acidente com Danos Materiais;322,5;BR-116/SP;Norte;Saida de Pista;
20/01/2021;03:19:00;3 - Acidente com Danos Materiais;60,8;BR-116/PR;Norte;"Choque - Defensa, barreira ou ""submarino""";
20/01/2021;03:47:00;3 - Acidente com Danos Materiais;550;BR-116/SP;Sul;Capotamento;
20/01/2021;06:16:00;3 - Acidente com Danos Materiais;319,8;BR-116/SP;Sul;"Choque - Defensa, barreira ou ""submarino""";
20/01/2021;06:22:00;3 - Acidente com Danos Materiais;14,5;BR-116/PR;Norte;"Choque - Defensa, barreira ou ""submarino""";
20/01/2021;07:23:00;2 - Acidente com VITIMA;564,1;BR-116/SP;Sul;"Choque - Defensa, barreira ou ""submarino""";
20/01/2021;07:23:00;3 - Acidente com Danos Materiais;566;BR-116/SP;Sul;Choque - Elemento de Drenagem;
20/01/2021;07:54:00;2 - Acidente com VITIMA;274,9;BR-116/SP;Norte;Colisão Lateral;
20/01/2021;14:20:00;2 - Acidente com VITIMA;460,8;BR-116/SP;Norte;Colisão Traseira;
20/01/2021;16:15:00;3 - Acidente com Danos Materiais;9,6;BR-116/PR;Sul;"Choque - Defensa, barreira ou ""submarino""";
20/01/2021;16:18:00;3 - Acidente com Danos Materiais;23,3;BR-116/PR;Norte;"Choque - Defensa, barreira ou ""submarino""";
20/01/2021;17:26:00;3 - Acidente com Danos Materiais;541,5;BR-116/SP;Sul;"Choque - Defensa, barreira ou ""submarino""";
20/01/2021;17:27:00;3 - Acidente com Danos Materiais;30,95;BR-116/PR;Sul;"Choque - Defensa, barreira ou ""submarino""";
20/01/2021;18:10:00;2 - Acidente com VITIMA;279,9;BR-116/SP;Norte;Colisão Lateral;
20/01/2021;20:37:00;3 - Acidente com Danos Materiais;298,799;BR-116/SP;Norte;Choque - Outros;
20/01/2021;23:46:00;3 - Acidente com Danos Materiais;362;BR-116/SP;Sul;Colisão Traseira;
21/01/2021;03:55:00;3 - Acidente com Danos Materiais;532,2;BR-116/SP;Sul;Engavetamento;
21/01/2021;04:50:00;3 - Acidente com Danos Materiais;541;BR-116/SP;Sul;"Choque - Defensa, barreira ou ""submarino""";
21/01/2021;06:18:00;3 - Acidente com Danos Materiais;67,6;BR-116/PR;Sul;"Choque - Defensa, barreira ou ""submarino""";
21/01/2021;12:28:00;3 - Acidente com Danos Materiais;442;BR-116/SP;Sul;Saida de Pista;
21/01/2021;13:57:00;3 - Acidente com Danos Materiais;341;BR-116/SP;Sul;Colisão Traseira;
21/01/2021;14:35:00;3 - Acidente com Danos Materiais;485,7;BR-116/SP;Sul;Colisão Traseira;
21/01/2021;15:56:00;3 - Acidente com Danos Materiais;314,45;BR-116/SP;Norte;"Choque - Defensa, barreira ou ""submarino""";
21/01/2021;19:20:00;3 - Acidente com Danos Materiais;440;BR-116/SP;Norte;Colisão Lateral;
21/01/2021;19:47:00;2 - Acidente com VITIMA;498,4;BR-116/SP;Norte;Colisão Traseira;
21/01/2021;19:50:00;3 - Acidente com Danos Materiais;10,3;BR-116/CW;Norte;Colisão Traseira;
21/01/2021;22:04:00;2 - Acidente com VITIMA;273,4;BR-116/SP;Norte;Engavetamento;
21/01/2021;22:56:00;2 - Acidente com VITIMA;280,6;BR-116/SP;Sul;Colisão Traseira;
22/01/2021;00:10:00;2 - Acidente com VITIMA;541,6;BR-116/SP;Sul;Capotamento;
22/01/2021;04:14:00;3 - Acidente com Danos Materiais;446,9;BR-116/SP;Norte;Choque - Poste;
22/01/2021;08:24:00;2 - Acidente com VITIMA;495,2;BR-116/SP;Sul;Capotamento;
22/01/2021;18:15:00;3 - Acidente com Danos Materiais;5,6;BR-116/PR;Norte;"Choque - Defensa, barreira ou ""submarino""";
22/01/2021;21:35:00;2 - Acidente com VITIMA;515;BR-116/SP;Norte;Choque - Talude;
22/01/2021;22:41:00;2 - Acidente com VITIMA;489,8;BR-116/SP;Norte;Colisão Transversal;
22/01/2021;23:47:00;2 - Acidente com VITIMA;487;BR-116/SP;Sul;Queda de Moto;
23/01/2021;06:22:00;2 - Acidente com VITIMA;278,5;BR-116/SP;Norte;Colisão Lateral;
23/01/2021;07:22:00;3 - Acidente com Danos Materiais;548,5;BR-116/SP;Norte;Saida de Pista;
23/01/2021;08:41:00;3 - Acidente com Danos Materiais;477,4;BR-116/SP;Sul;Saida de Pista;
23/01/2021;09:03:00;3 - Acidente com Danos Materiais;287,5;BR-116/SP;Sul;Colisão Traseira;
23/01/2021;10:46:00;2 - Acidente com VITIMA;366;BR-116/SP;Sul;Colisão Traseira;
23/01/2021;11:12:00;3 - Acidente com Danos Materiais;548,1;BR-116/SP;Norte;Colisão Traseira;
23/01/2021;11:20:00;2 - Acidente com VITIMA;273;BR-116/SP;Sul;Colisão Lateral;
23/01/2021;13:44:00;3 - Acidente com Danos Materiais;280,5;BR-116/SP;Sul;Colisão Traseira;
23/01/2021;14:45:00;3 - Acidente com Danos Materiais;548;BR-116/SP;Sul;Capotamento;
23/01/2021;15:26:00;3 - Acidente com Danos Materiais;447,5;BR-116/SP;Norte;Saida de Pista;
23/01/2021;17:12:00;3 - Acidente com Danos Materiais;28,15;BR-116/PR;Norte;"Choque - Defensa, barreira ou ""submarino""";
23/01/2021;18:12:00;3 - Acidente com Danos Materiais;541,8;BR-116/SP;Sul;"Choque - Defensa, barreira ou ""submarino""";
23/01/2021;18:18:00;2 - Acidente com VITIMA;489;BR-116/SP;Sul;Choque - Talude;
23/01/2021;20:49:00;2 - Acidente com VITIMA;567,16;BR-116/SP;Sul;"Choque - Defensa, barreira ou ""submarino""";
23/01/2021;22:03:00;1 - Acidente com Vitima Fatal;463,9;BR-116/SP;Sul;Colisão Traseira;1
23/01/2021;22:27:00;2 - Acidente com VITIMA;353;BR-116/SP;Sul;Saida de Pista;
23/01/2021;23:55:00;3 - Acidente com Danos Materiais;16,4;BR-116/CW;Norte;Colisão Lateral;
24/01/2021;00:49:00;2 - Acidente com VITIMA;286;BR-116/SP;Norte;Queda de Moto;
24/01/2021;01:32:00;2 - Acidente com VITIMA;275;BR-116/SP;Norte;"Choque - Defensa, barreira ou ""submarino""";
24/01/2021;05:31:00;2 - Acidente com VITIMA;271;BR-116/SP;Sul;Colisão Traseira;
24/01/2021;05:47:00;2 - Acidente com VITIMA;272;BR-116/SP;Sul;Atropelamento - Outros;
24/01/2021;08:16:00;2 - Acidente com VITIMA;39;BR-116/PR;Norte;"Choque - Defensa, barreira ou ""submarino""";
24/01/2021;12:46:00;3 - Acidente com Danos Materiais;503,3;BR-116/SP;Sul;Choque - Talude;
24/01/2021;13:27:00;3 - Acidente com Danos Materiais;44,8;BR-116/PR;Sul;"Choque - Defensa, barreira ou ""submarino""";
24/01/2021;14:26:00;3 - Acidente com Danos Materiais;7;BR-116/PR;Sul;"Choque - Defensa, barreira ou ""submarino""";
24/01/2021;14:47:00;3 - Acidente com Danos Materiais;45,1;BR-116/PR;Norte;"Choque - Defensa, barreira ou ""submarino""";
24/01/2021;15:13:00;3 - Acidente com Danos Materiais;541,1;BR-116/SP;Sul;"Choque - Defensa, barreira ou ""submarino""";
24/01/2021;16:00:00;3 - Acidente com Danos Materiais;285;BR-116/SP;Norte;"Choque - Defensa, barreira ou ""submarino""";
24/01/2021;16:04:00;3 - Acidente com Danos Materiais;42,1;BR-116/PR;Sul;"Choque - Defensa, barreira ou ""submarino""";
24/01/2021;16:30:00;2 - Acidente com VITIMA;445,05;BR-116/SP;Sul;Colisão Lateral;
24/01/2021;17:22:00;3 - Acidente com Danos Materiais;505;BR-116/SP;Sul;Choque - Elemento de Drenagem;
24/01/2021;17:48:00;3 - Acidente com Danos Materiais;285;BR-116/SP;Norte;Colisão Lateral;
24/01/2021;18:21:00;3 - Acidente com Danos Materiais;448;BR-116/SP;Norte;Saida de Pista;
24/01/2021;20:38:00;3 - Acidente com Danos Materiais;479;BR-116/SP;Norte;Saida de Pista;
24/01/2021;21:00:00;2 - Acidente com VITIMA;275,5;BR-116/SP;Sul;"Choque - Defensa, barreira ou ""submarino""";
25/01/2021;03:50:00;3 - Acidente com Danos Materiais;318,1;BR-116/SP;Sul;"Choque - Defensa, barreira ou ""submarino""";
25/01/2021;07:55:00;2 - Acidente com VITIMA;316,8;BR-116/SP;Sul;Queda de Moto;
25/01/2021;07:54:00;2 - Acidente com VITIMA;40,2;BR-116/PR;Norte;"Choque - Defensa, barreira ou ""submarino""";
25/01/2021;11:16:00;3 - Acidente com Danos Materiais;7,9;BR-116/PR;Sul;"Choque - Defensa, barreira ou ""submarino""";
25/01/2021;11:19:00;3 - Acidente com Danos Materiais;566,1;BR-116/SP;Sul;Travessia Canteiro Central;
25/01/2021;11:48:00;3 - Acidente com Danos Materiais;425,6;BR-116/SP;Sul;Colisão Traseira;
25/01/2021;13:24:00;2 - Acidente com VITIMA;331,3;BR-116/SP;Norte;Capotamento;
25/01/2021;14:24:00;2 - Acidente com VITIMA;270;BR-116/SP;Norte;Colisão Traseira;
25/01/2021;16:50:00;3 - Acidente com Danos Materiais;476,75;BR-116/SP;Norte;"Choque - Defensa, barreira ou ""submarino""";
25/01/2021;17:18:00;3 - Acidente com Danos Materiais;476,8;BR-116/SP;Norte;Colisão Traseira;
25/01/2021;17:35:00;3 - Acidente com Danos Materiais;14,7;BR-116/PR;Sul;"Choque - Defensa, barreira ou ""submarino""";
25/01/2021;18:18:00;3 - Acidente com Danos Materiais;512,9;BR-116/SP;Norte;Tombamento;
25/01/2021;18:22:00;3 - Acidente com Danos Materiais;545,8;BR-116/SP;Sul;"Choque - Defensa, barreira ou ""submarino""";
25/01/2021;18:44:00;3 - Acidente com Danos Materiais;357,4;BR-116/SP;Norte;Choque - Elemento de Drenagem;
25/01/2021;19:59:00;3 - Acidente com Danos Materiais;296,5;BR-116/SP;Sul;Colisão Traseira;
25/01/2021;21:50:00;3 - Acidente com Danos Materiais;302,44;BR-116/SP;Norte;Choque - Elemento de Drenagem;
25/01/2021;22:54:00;3 - Acidente com Danos Materiais;282,9;BR-116/SP;Norte;Queda de Moto;
26/01/2021;08:28:00;2 - Acidente com VITIMA;314,4;BR-116/SP;Norte;Tombamento;
26/01/2021;12:53:00;3 - Acidente com Danos Materiais;426;BR-116/SP;Norte;Colisão Transversal;
26/01/2021;14:32:00;3 - Acidente com Danos Materiais;360,6;BR-116/SP;Sul;Colisão Traseira;
26/01/2021;14:47:00;3 - Acidente com Danos Materiais;508;BR-116/SP;Sul;Tombamento;
26/01/2021;17:15:00;2 - Acidente com VITIMA;322,4;BR-116/SP;Sul;Colisão Traseira;
26/01/2021;22:02:00;2 - Acidente com VITIMA;444,1;BR-116/SP;Norte;Colisão Traseira;
26/01/2021;22:32:00;3 - Acidente com Danos Materiais;400;BR-116/SP;Norte;Colisão Traseira;
27/01/2021;02:15:00;3 - Acidente com Danos Materiais;386,45;BR-116/SP;Sul;Colisão Traseira;
27/01/2021;02:25:00;3 - Acidente com Danos Materiais;484,8;BR-116/SP;Sul;"Choque - Defensa, barreira ou ""submarino""";
27/01/2021;06:51:00;2 - Acidente com VITIMA;6;BR-116/CW;Norte;Colisão Traseira;
27/01/2021;07:12:00;3 - Acidente com Danos Materiais;433;BR-116/SP;Norte;Saida de Pista;
27/01/2021;11:46:00;2 - Acidente com VITIMA;546,7;BR-116/SP;Sul;Colisão Lateral;
27/01/2021;15:01:00;2 - Acidente com VITIMA;300,5;BR-116/SP;Sul;Queda de Moto;
27/01/2021;18:31:00;3 - Acidente com Danos Materiais;314;BR-116/SP;Sul;"Choque - Defensa, barreira ou ""submarino""";
27/01/2021;19:16:00;3 - Acidente com Danos Materiais;347,8;BR-116/SP;Sul;Colisão Traseira;
28/01/2021;11:19:00;3 - Acidente com Danos Materiais;279,9;BR-116/SP;Sul;Colisão Traseira;
28/01/2021;12:48:00;2 - Acidente com VITIMA;477;BR-116/SP;Sul;Atropelamento - Outros;
28/01/2021;17:29:00;3 - Acidente com Danos Materiais;327,8;BR-116/SP;Norte;Saida de Pista;
28/01/2021;22:22:00;3 - Acidente com Danos Materiais;279;BR-116/SP;Sul;Choque - Veiculo parado na pista;
29/01/2021;12:18:00;3 - Acidente com Danos Materiais;491,8;BR-116/SP;Sul;Choque - Elemento de Drenagem;
29/01/2021;13:54:00;2 - Acidente com VITIMA;431,9;BR-116/SP;Sul;Colisão Lateral;
29/01/2021;16:53:00;3 - Acidente com Danos Materiais;553;BR-116/SP;Norte;Saida de Pista;
29/01/2021;17:25:00;3 - Acidente com Danos Materiais;534,1;BR-116/SP;Norte;Choque - Elemento de Drenagem;
29/01/2021;17:45:00;3 - Acidente com Danos Materiais;289,9;BR-116/SP;Sul;"Choque - Defensa, barreira ou ""submarino""";
29/01/2021;17:46:00;3 - Acidente com Danos Materiais;565;BR-116/SP;Sul;Capotamento;
29/01/2021;18:28:00;3 - Acidente com Danos Materiais;549;BR-116/SP;Norte;"Choque - Defensa, barreira ou ""submarino""";
29/01/2021;19:07:00;3 - Acidente com Danos Materiais;270,9;BR-116/SP;Sul;Colisão Lateral;
29/01/2021;19:37:00;3 - Acidente com Danos Materiais;287,7;BR-116/SP;Sul;Saida de Pista;
29/01/2021;22:49:00;2 - Acidente com VITIMA;301,5;BR-116/SP;Sul;Queda de Moto;
30/01/2021;00:36:00;3 - Acidente com Danos Materiais;270,4;BR-116/SP;Sul;Engavetamento;
30/01/2021;06:24:00;3 - Acidente com Danos Materiais;549,1;BR-116/SP;Sul;Tombamento;
30/01/2021;08:12:00;3 - Acidente com Danos Materiais;544,5;BR-116/SP;Norte;"Choque - Defensa, barreira ou ""submarino""";
30/01/2021;09:34:00;3 - Acidente com Danos Materiais;294,3;BR-116/SP;Sul;Colisão Frontal;
30/01/2021;12:16:00;3 - Acidente com Danos Materiais;325;BR-116/SP;Sul;Saida de Pista;
30/01/2021;12:31:00;2 - Acidente com VITIMA;273,1;BR-116/SP;Norte;Engavetamento;
30/01/2021;13:01:00;3 - Acidente com Danos Materiais;272,15;BR-116/SP;Norte;Engavetamento;
30/01/2021;15:24:00;3 - Acidente com Danos Materiais;565,4;BR-116/SP;Sul;"Choque - Defensa, barreira ou ""submarino""";
30/01/2021;15:35:00;3 - Acidente com Danos Materiais;56,5;BR-116/PR;Sul;"Choque - Defensa, barreira ou ""submarino""";
30/01/2021;15:37:00;3 - Acidente com Danos Materiais;46,7;BR-116/PR;Norte;"Choque - Defensa, barreira ou ""submarino""";
30/01/2021;15:57:00;3 - Acidente com Danos Materiais;564,1;BR-116/SP;Sul;"Choque - Defensa, barreira ou ""submarino""";
30/01/2021;16:17:00;3 - Acidente com Danos Materiais;353;BR-116/SP;Sul;Saida de Pista;
30/01/2021;16:47:00;3 - Acidente com Danos Materiais;326,05;BR-116/SP;Norte;Colisão Traseira;
30/01/2021;17:17:00;3 - Acidente com Danos Materiais;548,4;BR-116/SP;Norte;Colisão Traseira;
30/01/2021;17:23:00;2 - Acidente com VITIMA;509,8;BR-116/SP;Norte;Capotamento;
30/01/2021;17:47:00;2 - Acidente com VITIMA;274;BR-116/SP;Sul;"Choque - Defensa, barreira ou ""submarino""";
30/01/2021;18:39:00;3 - Acidente com Danos Materiais;545,5;BR-116/SP;Sul;"Choque - Defensa, barreira ou ""submarino""";
30/01/2021;18:56:00;3 - Acidente com Danos Materiais;324;BR-116/SP;Sul;Colisão Traseira;
30/01/2021;20:13:00;1 - Acidente com Vitima Fatal;282,95;BR-116/SP;Norte;Capotamento;1
30/01/2021;22:19:00;3 - Acidente com Danos Materiais;42,2;BR-116/PR;Sul;"Choque - Defensa, barreira ou ""submarino""";
30/01/2021;22:21:00;2 - Acidente com VITIMA;283,1;BR-116/SP;Sul;Capotamento;
30/01/2021;23:59:00;2 - Acidente com VITIMA;272,585;BR-116/SP;Norte;Colisão Lateral;
31/01/2021;05:27:00;2 - Acidente com VITIMA;269,8;BR-116/SP;Sul;Queda de Moto;
31/01/2021;13:00:00;2 - Acidente com VITIMA;359,3;BR-116/SP;Norte;Tombamento;
31/01/2021;13:45:00;3 - Acidente com Danos Materiais;520,3;BR-116/SP;Sul;Saida de Pista;
31/01/2021;16:15:00;3 - Acidente com Danos Materiais;441;BR-116/SP;Sul;Saida de Pista;
31/01/2021;17:01:00;3 - Acidente com Danos Materiais;540,2;BR-116/SP;Norte;Colisão Lateral;
31/01/2021;19:22:00;3 - Acidente com Danos Materiais;564;BR-116/SP;Sul;"Choque - Defensa, barreira ou ""submarino""";
